n_cpus,link_lat_cy,mean_lat_cy,miss_lat_cy,miss_samples,sim_seconds,wall_seconds
8,50,12.603554,1290.040265,127355,0.033447,55
8,100,12.668807,2493.339986,60429,0.030872,47
8,200,12.653596,4852.604351,30934,0.031193,46
8,500,12.409967,11530.717574,12729,0.031969,45
8,1000,11.983293,21519.279641,6798,0.034352,47
8,2000,11.043373,37025.781782,3524,0.036052,46
