stack,workload,verb,cache_policy,locality_pct,active_connections_n,n_ops,conc,link_ns,payload_bytes,membus_ns,pcie_mmio_ns,pcie_dma_read_ns,pcie_dma_write_ns,wqe_construct_ns,cqe_poll_host_ns,cqe_poll_onchip_ns,remote_dram_ns,mean_ns,p50_ns,p99_ns,max_ns,oprate_Mops
roce_dma,bulk_write,write,wb,0,1,1000,1,50,8,30,150,500,250,30,70,5,30,1568,1568,1568,1568,0.637349
roce_dma,bulk_write,write,wb,0,1,1000,1,50,64,30,150,500,250,30,70,5,30,1577,1577,1577,1577,0.633714
roce_dma,bulk_write,write,wb,0,1,1000,1,50,256,30,150,500,250,30,70,5,30,1617,1617,1617,1617,0.618047
roce_dma,bulk_write,write,wb,0,1,1000,1,100,8,30,150,500,250,30,70,5,30,1668,1668,1668,1668,0.599161
roce_dma,bulk_write,write,wb,0,1,1000,1,100,64,30,150,500,250,30,70,5,30,1677,1677,1677,1677,0.595948
roce_dma,bulk_write,write,wb,0,1,1000,1,100,256,30,150,500,250,30,70,5,30,1717,1717,1717,1717,0.582072
roce_dma,bulk_write,write,wb,0,1,1000,1,200,8,30,150,500,250,30,70,5,30,1868,1868,1868,1868,0.535045
roce_dma,bulk_write,write,wb,0,1,1000,1,200,64,30,150,500,250,30,70,5,30,1877,1877,1877,1877,0.532481
roce_dma,bulk_write,write,wb,0,1,1000,1,200,256,30,150,500,250,30,70,5,30,1917,1917,1917,1917,0.521376
