stack,workload,verb,cache_policy,locality_pct,active_connections_n,remote_jetties,n_ops,conc,link_ns,payload_bytes,membus_ns,pcie_mmio_ns,pcie_dma_read_ns,pcie_dma_write_ns,wqe_construct_ns,cqe_poll_host_ns,cqe_poll_onchip_ns,remote_dram_ns,mean_ns,p50_ns,p99_ns,max_ns,oprate_Mops
roce_dma,bulk_write,write,wb,0,1,1,1000,1,50,8,30,150,500,250,30,70,5,30,1618,1618,1618,1618,0.617665
roce_dma,bulk_write,write,wb,0,1,1,1000,1,50,64,30,150,500,250,30,70,5,30,1627,1627,1627,1627,0.614251
roce_dma,bulk_write,write,wb,0,1,1,1000,1,50,256,30,150,500,250,30,70,5,30,1667,1667,1667,1667,0.59952
roce_dma,bulk_write,write,wb,0,1,1,1000,1,100,8,30,150,500,250,30,70,5,30,1718,1718,1718,1718,0.581734
roce_dma,bulk_write,write,wb,0,1,1,1000,1,100,64,30,150,500,250,30,70,5,30,1727,1727,1727,1727,0.578704
roce_dma,bulk_write,write,wb,0,1,1,1000,1,100,256,30,150,500,250,30,70,5,30,1767,1767,1767,1767,0.565611
roce_dma,bulk_write,write,wb,0,1,1,1000,1,200,8,30,150,500,250,30,70,5,30,1918,1918,1918,1918,0.521105
roce_dma,bulk_write,write,wb,0,1,1,1000,1,200,64,30,150,500,250,30,70,5,30,1927,1927,1927,1927,0.518672
roce_dma,bulk_write,write,wb,0,1,1,1000,1,200,256,30,150,500,250,30,70,5,30,1967,1967,1967,1967,0.50813
