stack,n_apps,n_remotes,n_cpu,n_tasks,total_ns,total_s
roce,1,1,32,1,520100,0.0005201
ub,1,1,32,2,505100,0.0005051
roce,16,16,32,256,4160100,0.0041601
ub,16,16,32,32,505100,0.0005051
roce,64,64,32,4096,66560100,0.0665601
ub,64,64,32,128,1020100,0.0010201
roce,256,256,32,65536,1064960100,1.06496
ub,256,256,32,512,4080100,0.0040801
roce,1024,1024,32,1048576,17039360100,17.0394
ub,1024,1024,32,2048,16320100,0.0163201
